﻿{
	"Arguments" : [
		"colorStyle",
		"translationKey"
	],
	"Aligned" : [
		{
			"HSpace" : 0.2
		},
		{
			"Contents" : [
				{
					"RawText" : "➡",
					"IsBold" : True,
					"Color" : {
						"Style" : "#colorStyle"
					},
					"FontSize" : 5,
					"IsVariable" : True,
					"Alignment" : "Center"
				},
				{
					"TranslationKey" : "#translationKey",
					"IsBold" : True,
					"FontSize" : 1.5,
					"IsVariable" : True,
					"Alignment" : "Center"
				}
			],
			"Alignment" : "Left"
		},
		{
			"HSpace" : 0.2
		}
	]
}